Added,URL, Price ,Year,Make,Model,Trim,Body,Mileage,Man0Auto1,Drivetrain,Fuel,HP,Displacement,Engine,Combined MPG,State,Title Issues,Accidents?,Owners,Rental Use?,Fleet Use?
10/20/2021,https://www.cargurus.com/Cars/inventorylisting/viewDetailsFilterViewInventoryListing.action?sourceContext=carGurusHomePagePrice&inventorySearchWidgetType=PRICE&minPrice=0&maxPrice=10000&zip=77433#listing=314885276/NONE," $3,990 ",2007,Chrysler,PT Cruiser,,Convertible,126396,1,FWD,Gas,150,2.4,I4,21,TX,No,No,5,Yes,No
10/20/2021,https://www.cargurus.com/Cars/inventorylisting/viewDetailsFilterViewInventoryListing.action?sourceContext=carGurusHomePagePrice&inventorySearchWidgetType=PRICE&minPrice=0&maxPrice=10000&zip=77433#listing=313324697/NONE," $8,995 ",2010,MINI,Cooper,S,Convertible,"72,000",1,FWD,Gas,172,1.6,I4,28,TX,No,No,3,No,Yes
10/20/2021,https://www.cargurus.com/Cars/inventorylisting/viewDetailsFilterViewInventoryListing.action?sourceContext=carGurusHomePagePrice&inventorySearchWidgetType=PRICE&minPrice=0&maxPrice=10000&zip=77433#listing=313201653/NONE," $5,800 ",2009,Saturn,Sky,Red Line,Convertible,"140,477",1,RWD,Gas,260,2,I4,23,TX,No,No,2,No,No
10/20/2021,https://www.cargurus.com/Cars/inventorylisting/viewDetailsFilterViewInventoryListing.action?sourceContext=carGurusHomePagePrice&inventorySearchWidgetType=PRICE&minPrice=0&maxPrice=10000&zip=77433#listing=314885268/NONE," $8,995 ",2003,Audi,TT,1.8T,Convertible/Roadster,"58,223",1,FWD,Gas,180,1.8,I4,22,TX,No,No,4,No,No
10/20/2021,https://www.cargurus.com/Cars/inventorylisting/viewDetailsFilterViewInventoryListing.action?sourceContext=carGurusHomePagePrice&inventorySearchWidgetType=PRICE&minPrice=0&maxPrice=10000&zip=77433#listing=310813461/NONE," $5,900 ",1996,BMW,Z3,1.9,Convertible/Roadster,"181,650",0,RWD,Gas,138,1.9,I4,24,TX,No,No,6,No,No
10/20/2021,https://www.cargurus.com/Cars/inventorylisting/viewDetailsFilterViewInventoryListing.action?sourceContext=carGurusHomePagePrice&inventorySearchWidgetType=PRICE&minPrice=0&maxPrice=10000&zip=77433#listing=312346506/NONE," $4,999 ",1999,Mercedes-Benz,SLK 230,Supercharged,Convertible,"92,000",1,RWD,Gas,185,2.3,I4,,TX,No,Yes,3,No,No
10/20/2021,https://www.cargurus.com/Cars/inventorylisting/viewDetailsFilterViewInventoryListing.action?sourceContext=carGurusHomePagePrice&inventorySearchWidgetType=PRICE&minPrice=0&maxPrice=10000&zip=77433#listing=312237736/NONE," $6,495 ",1999,Mercedes-Benz,SLK 230,Supercharged,Convertible,"111,109",1,RWD,Gas,185,2.3,I4,,TX,No,No,1,No,No
10/20/2021,https://www.cargurus.com/Cars/inventorylisting/viewDetailsFilterViewInventoryListing.action?sourceContext=carGurusHomePagePrice&inventorySearchWidgetType=PRICE&minPrice=0&maxPrice=10000&zip=77433#listing=314391676/NONE," $8,699 ",2003,BMW,Z4,2.5i,Convertible/Roadster,"68,327",1,RWD,Gas,184,2.5,I6,22,TX,No,Yes,1,No,No
10/20/2021,https://www.cargurus.com/Cars/inventorylisting/viewDetailsFilterViewInventoryListing.action?sourceContext=carGurusHomePagePrice&inventorySearchWidgetType=PRICE&minPrice=0&maxPrice=10000&zip=77433#listing=314887117/NONE," $9,495 ",2008,BMW,3 Series,328i,Convertible,"113,826",0,RWD,Gas,230,3,I6,21,TX,No,No,4,No,No
10/20/2021,https://www.cargurus.com/Cars/inventorylisting/viewDetailsFilterViewInventoryListing.action?sourceContext=carGurusHomePagePrice&inventorySearchWidgetType=PRICE&minPrice=0&maxPrice=10000&zip=77433#listing=309434928/NONE," $9,495 ",2002,BMW,3 Series,330Ci,Convertible,"107,355",0,RWD,Gas,225,3,I6,21,TX,No,No,5,No,No
10/20/2021,https://www.cargurus.com/Cars/inventorylisting/viewDetailsFilterViewInventoryListing.action?sourceContext=carGurusHomePagePrice&inventorySearchWidgetType=PRICE&minPrice=0&maxPrice=10000&zip=77433#listing=314103961/NONE," $8,995 ",2008,Nissan,350Z,Touring,Convertible/Roadster,"98,984",1,RWD,Gas,306,3.5,V6,20,TX,No,1,3,Yes,No
10/20/2021,https://www.cargurus.com/Cars/inventorylisting/viewDetailsFilterViewInventoryListing.action?sourceContext=carGurusHomePagePrice&inventorySearchWidgetType=PRICE&minPrice=0&maxPrice=10000&zip=77433#listing=308136578/NONE," $8,800 ",2009,INFINITI,G37,,Convertible,"133,112",1,RWD,Gas,325,3.7,V6,21,TX,No,2,3,No,No
10/20/2021,https://www.cargurus.com/Cars/inventorylisting/viewDetailsFilterViewInventoryListing.action?sourceContext=carGurusHomePagePrice&inventorySearchWidgetType=PRICE&minPrice=0&maxPrice=10000&zip=77433#listing=313857259/NONE," $9,998 ",2010,Ford,Mustang,,Convertible,"134,690",1,RWD,Gas,210,4,V6,20,TX,No,1,7,Yes,No
10/20/2021,https://www.cargurus.com/Cars/inventorylisting/viewDetailsFilterViewInventoryListing.action?sourceContext=carGurusHomePagePrice&inventorySearchWidgetType=PRICE&minPrice=0&maxPrice=10000&zip=77433#listing=314208056/NONE," $8,990 ",2008,Mercedes-Benz,CLK 350,,Convertible,"100,074",1,RWD,Gas,268,3.5,V6,21,TX,No,1,5,No,Yes
10/20/2021,https://www.cargurus.com/Cars/inventorylisting/viewDetailsFilterViewInventoryListing.action?sourceContext=carGurusHomePagePrice&inventorySearchWidgetType=PRICE&minPrice=0&maxPrice=10000&zip=77433#listing=301760802/NONE," $5,900 ",2006,Toyota,Camry,Solara,Convertible,"142,123",1,FWD,Gas,225,3.3,V6,22,TX,No,No,2,No,No
10/20/2021,https://www.cargurus.com/Cars/inventorylisting/viewDetailsFilterViewInventoryListing.action?sourceContext=carGurusHomePagePrice&inventorySearchWidgetType=PRICE&minPrice=0&maxPrice=10000&zip=77433#listing=307870326/NONE," $7,999 ",2010,Chrysler,Sebring,Touring,Convertible,"92,009",1,FWD,Flex,186,2.7,V6,22,TX,No,No,3,No,No
10/20/2021,https://www.cargurus.com/Cars/inventorylisting/viewDetailsFilterViewInventoryListing.action?sourceContext=carGurusHomePagePrice&inventorySearchWidgetType=PRICE&minPrice=0&maxPrice=10000&zip=77433#listing=312155524/NONE," $9,850 ",1981,Mercedes-Benz,380SL,,Convertible,"174,697",1,RWD,Gas,155,3.8,V8,,TX,No,0,1,No,No
10/20/2021,https://www.cargurus.com/Cars/inventorylisting/viewDetailsFilterViewInventoryListing.action?sourceContext=carGurusHomePagePrice&inventorySearchWidgetType=PRICE&minPrice=0&maxPrice=10000&zip=77433#listing=308175597/NONE," $9,498 ",1989,Chevrolet,Corvette,,Convertible,"99,200",1,RWD,Gas,254,5.7,V8,19,TX,No,No,7,No,Yes
10/20/2021,https://www.cargurus.com/Cars/inventorylisting/viewDetailsFilterViewInventoryListing.action?sourceContext=carGurusHomePagePrice&inventorySearchWidgetType=PRICE&minPrice=0&maxPrice=10000&zip=77433#listing=309341438/NONE," $9,900 ",2006,Mercedes-Benz,SL 500,,Convertible,"118,371",1,RWD,Gas,302,5,V8,18,TX,No,1,5,No,No
10/20/2021,https://www.cargurus.com/Cars/inventorylisting/viewDetailsFilterViewInventoryListing.action?sourceContext=carGurusHomePagePrice&inventorySearchWidgetType=PRICE&minPrice=0&maxPrice=10000&zip=77433#listing=298598035/NONE," $7,000 ",1996,Mercedes-Benz,SL 500,,Convertible,"113,585",1,RWD,Gas,315,5,V8,18,TX,No,1,4,No,No
10/20/2021,https://www.cargurus.com/Cars/inventorylisting/viewDetailsFilterViewInventoryListing.action?zip=77433&inventorySearchWidgetType=PRICE&maxPrice=20000&sortDir=ASC&engines=V8&sourceContext=carGurusHomePagePrice&bodyTypeGroupIds=1&distance=50&minPrice=10000&sortType=DEAL_SCORE#listing=309825267/NONE," $18,700 ",2006,Porsche,Boxster,S,Convertible,"90,955",0,RWD,Gas,280,3.2,H6,,TX,No,No,3,No,No
10/20/2021,https://www.cargurus.com/Cars/inventorylisting/viewDetailsFilterViewInventoryListing.action?zip=77433&inventorySearchWidgetType=PRICE&maxPrice=20000&sortDir=ASC&engines=V8&sourceContext=carGurusHomePagePrice&bodyTypeGroupIds=1&distance=50&minPrice=10000&sortType=DEAL_SCORE#listing=312874862/NONE," $16,191 ",2002,Porsche,Boxster,,Convertible,"40,900",1,RWD,Gas,217,2.7,H6,19,TX,No,No,4,No,No
10/20/2021,https://www.cargurus.com/Cars/inventorylisting/viewDetailsFilterViewInventoryListing.action?zip=77433&inventorySearchWidgetType=PRICE&maxPrice=20000&sortDir=ASC&engines=V8&sourceContext=carGurusHomePagePrice&bodyTypeGroupIds=1&distance=50&minPrice=10000&sortType=DEAL_SCORE#listing=310011602/NONE," $19,999 ",2001,Porsche,Boxster,S,Convertible,"59,353",0,RWD,Gas,250,3.2,H6,19,TX,No,No,4,No,No
10/20/2021,https://www.cargurus.com/Cars/inventorylisting/viewDetailsFilterViewInventoryListing.action?zip=77433&inventorySearchWidgetType=PRICE&maxPrice=20000&sortDir=ASC&engines=V8&sourceContext=carGurusHomePagePrice&bodyTypeGroupIds=1&distance=50&minPrice=10000&sortType=DEAL_SCORE#listing=312146381/NONE," $15,995 ",2002,Porsche,Boxster,S,Convertible,"109,429",1,RWD,Gas,250,3.2,H6,19,TX,No,No,7,No,No
10/20/2021,https://www.cargurus.com/Cars/inventorylisting/viewDetailsFilterViewInventoryListing.action?zip=77433&inventorySearchWidgetType=PRICE&maxPrice=20000&sortDir=ASC&engines=V8&sourceContext=carGurusHomePagePrice&bodyTypeGroupIds=1&distance=50&minPrice=10000&sortType=DEAL_SCORE#listing=314995513/NONE," $10,995 ",2014,FIAT,500,GQ Edition,Convertible,"35,445",0,FWD,Gas,160,1.4,I4,31,TX,No,No,5,No,No
10/20/2021,https://www.cargurus.com/Cars/inventorylisting/viewDetailsFilterViewInventoryListing.action?zip=77433&inventorySearchWidgetType=PRICE&maxPrice=20000&sortDir=ASC&engines=V8&sourceContext=carGurusHomePagePrice&bodyTypeGroupIds=1&distance=50&minPrice=10000&sortType=DEAL_SCORE#listing=313441555/NONE," $10,995 ",2006,Mazda,MX-5 Miata,Touring,Convertible,"66,821",1,RWD,Gas,170,2,I4,24,TX,No,No,2,No,No
10/20/2021,https://www.cargurus.com/Cars/inventorylisting/viewDetailsFilterViewInventoryListing.action?zip=77433&inventorySearchWidgetType=PRICE&maxPrice=20000&sortDir=ASC&engines=V8&sourceContext=carGurusHomePagePrice&bodyTypeGroupIds=1&distance=50&minPrice=10000&sortType=DEAL_SCORE#listing=314685239/NONE," $16,983 ",2013,Volkswagen,Beetle,Turbo,Convertible,"70,359",1,FWD,Gas,210,2,I4,,TX,No,No,4,No,No
10/20/2021,https://www.cargurus.com/Cars/inventorylisting/viewDetailsFilterViewInventoryListing.action?zip=77433&inventorySearchWidgetType=PRICE&maxPrice=20000&sortDir=ASC&engines=V8&sourceContext=carGurusHomePagePrice&bodyTypeGroupIds=1&distance=50&minPrice=10000&sortType=DEAL_SCORE#listing=314433292/NONE," $12,995 ",1984,Alfa Romeo,Spider,Veloce,Convertible,"69,847",0,RWD,Gas,111,2,I4,,TX,No,No,1,No,No
10/20/2021,https://www.cargurus.com/Cars/inventorylisting/viewDetailsFilterViewInventoryListing.action?zip=77433&inventorySearchWidgetType=PRICE&maxPrice=20000&sortDir=ASC&engines=V8&sourceContext=carGurusHomePagePrice&bodyTypeGroupIds=1&distance=50&minPrice=10000&sortType=DEAL_SCORE#listing=313420595/NONE," $19,995 ",2011,Audi,A5,2.0T Premium Plus,Convertible,"50,340",1,FWD,Gas,211,2,I4,26,TX,No,No,2,No,No
10/20/2021,https://www.cargurus.com/Cars/inventorylisting/viewDetailsFilterViewInventoryListing.action?zip=77433&inventorySearchWidgetType=PRICE&maxPrice=20000&sortDir=ASC&engines=V8&sourceContext=carGurusHomePagePrice&bodyTypeGroupIds=1&distance=50&minPrice=10000&sortType=DEAL_SCORE#listing=314413060/NONE," $19,991 ",2013,BMW,3 Series,335i,Convertible,"80,758",1,RWD,Gas,300,3,I6,22,TX,No,No,1,No,No
10/20/2021,https://www.cargurus.com/Cars/inventorylisting/viewDetailsFilterViewInventoryListing.action?zip=77433&inventorySearchWidgetType=PRICE&maxPrice=20000&sortDir=ASC&engines=V8&sourceContext=carGurusHomePagePrice&bodyTypeGroupIds=1&distance=50&minPrice=10000&sortType=DEAL_SCORE#listing=310564746/NONE," $12,499 ",2011,BMW,3 Series,328i,Convertible,"71,300",1,RWD,Gas,230,3,I6,22,TX,No,No,6,No,No
10/20/2021,https://www.cargurus.com/Cars/inventorylisting/viewDetailsFilterViewInventoryListing.action?zip=77433&inventorySearchWidgetType=PRICE&maxPrice=20000&sortDir=ASC&engines=V8&sourceContext=carGurusHomePagePrice&bodyTypeGroupIds=1&distance=50&minPrice=10000&sortType=DEAL_SCORE#listing=314458022/NONE," $20,000 ",2005,BMW,3 Series,M3,Convertible,"75,020",0,RWD,Gas,333,3.2,I6,17,TX,No,No,2,No,No
10/20/2021,https://www.cargurus.com/Cars/inventorylisting/viewDetailsFilterViewInventoryListing.action?zip=77433&inventorySearchWidgetType=PRICE&maxPrice=20000&sortDir=ASC&engines=V8&sourceContext=carGurusHomePagePrice&bodyTypeGroupIds=1&distance=50&minPrice=10000&sortType=DEAL_SCORE#listing=308976361/NONE," $11,991 ",2003,BMW,Z4,2.5i,Convertible/Roadster,"40,508",1,RWD,Gas,184,2.5,I6,22,TX,No,No,4,No,No
10/20/2021,https://www.cargurus.com/Cars/inventorylisting/viewDetailsFilterViewInventoryListing.action?zip=77433&inventorySearchWidgetType=PRICE&maxPrice=20000&sortDir=ASC&engines=V8&sourceContext=carGurusHomePagePrice&bodyTypeGroupIds=1&distance=50&minPrice=10000&sortType=DEAL_SCORE#listing=312953491/NONE," $19,999 ",2006,BMW,3 Series,M3,Convertible,"151,543",0,RWD,Gas,333,3.2,I6,17,TX,No,2,4,No,Yes
10/20/2021,https://www.cargurus.com/Cars/inventorylisting/viewDetailsFilterViewInventoryListing.action?zip=77433&inventorySearchWidgetType=PRICE&maxPrice=20000&sortDir=ASC&engines=V8&sourceContext=carGurusHomePagePrice&bodyTypeGroupIds=1&distance=50&minPrice=10000&sortType=DEAL_SCORE#listing=314368549/NONE," $14,000 ",2010,Lexus,IS 250C,,Convertible,"74,000",1,RWD,Gas,204,2.5,V6,25,TX,No,1,3,No,Yes
10/20/2021,https://www.cargurus.com/Cars/inventorylisting/viewDetailsFilterViewInventoryListing.action?zip=77433&inventorySearchWidgetType=PRICE&maxPrice=20000&sortDir=ASC&engines=V8&sourceContext=carGurusHomePagePrice&bodyTypeGroupIds=1&distance=50&minPrice=10000&sortType=DEAL_SCORE#listing=312181210/NONE," $15,395 ",2012,Nissan,370Z,,Convertible/Roadster,"101,100",1,RWD,Gas,332,3.7,V6,21,TX,No,No,3,No,No
10/20/2021,https://www.cargurus.com/Cars/inventorylisting/viewDetailsFilterViewInventoryListing.action?zip=77433&inventorySearchWidgetType=PRICE&maxPrice=20000&sortDir=ASC&engines=V8&sourceContext=carGurusHomePagePrice&bodyTypeGroupIds=1&distance=50&minPrice=10000&sortType=DEAL_SCORE#listing=314006871/NONE," $11,900 ",2013,Chrysler,200,S,Convertible,"37,343",1,FWD,Flex,283,3.6,V6,24,TX,No,No,3,No,No
10/20/2021,https://www.cargurus.com/Cars/inventorylisting/viewDetailsFilterViewInventoryListing.action?zip=77433&inventorySearchWidgetType=PRICE&maxPrice=20000&sortDir=ASC&engines=V8&sourceContext=carGurusHomePagePrice&bodyTypeGroupIds=1&distance=50&minPrice=10000&sortType=DEAL_SCORE#listing=313837515/NONE," $13,995 ",2002,Chevrolet,Corvette,,Convertible,"99,993",0,RWD,Gas,350,5.7,V8,21,TX,No,1,3,No,No
10/20/2021,https://www.cargurus.com/Cars/inventorylisting/viewDetailsFilterViewInventoryListing.action?zip=77433&inventorySearchWidgetType=PRICE&maxPrice=20000&sortDir=ASC&engines=V8&sourceContext=carGurusHomePagePrice&bodyTypeGroupIds=1&distance=50&minPrice=10000&sortType=DEAL_SCORE#listing=296879014/NONE," $11,995 ",2004,Lexus,SC 430,,Convertible,"134,426",1,RWD,Gas,300,4.3,V8,19,TX,No,1,3,No,No
10/20/2021,https://www.cargurus.com/Cars/inventorylisting/viewDetailsFilterViewInventoryListing.action?zip=77433&inventorySearchWidgetType=PRICE&maxPrice=20000&sortDir=ASC&engines=V8&sourceContext=carGurusHomePagePrice&bodyTypeGroupIds=1&distance=50&minPrice=10000&sortType=DEAL_SCORE#listing=310730255/NONE," $14,999 ",2002,Ford,Thunderbird,Deluxe,Convertible,"61,031",1,RWD,Gas,252,3.9,V8,18,TX,No,No,3,No,No
10/20/2021,https://www.cargurus.com/Cars/inventorylisting/viewDetailsFilterViewInventoryListing.action?zip=77433&inventorySearchWidgetType=PRICE&maxPrice=20000&sortDir=ASC&engines=V8&sourceContext=carGurusHomePagePrice&bodyTypeGroupIds=1&distance=50&minPrice=10000&sortType=DEAL_SCORE#listing=314634151/NONE," $18,995 ",2005,Cadillac,XLR,,Convertible,"82,533",1,RWD,Gas,320,4.6,V8,19,TX,No,No,5,No,No
10/20/2021,https://www.cargurus.com/Cars/inventorylisting/viewDetailsFilterViewInventoryListing.action?zip=77433&inventorySearchWidgetType=PRICE&maxPrice=20000&sortDir=ASC&engines=V8&sourceContext=carGurusHomePagePrice&bodyTypeGroupIds=1&distance=50&minPrice=10000&sortType=DEAL_SCORE#listing=310868214/NONE," $17,995 ",2008,BMW,6 Series,650i,Convertible,"69,291",1,RWD,Gas,360,4.8,V8,19,TX,No,No,4,No,Yes
10/20/2021,https://www.cargurus.com/Cars/inventorylisting/viewDetailsFilterViewInventoryListing.action?zip=77433&inventorySearchWidgetType=PRICE&maxPrice=20000&sortDir=ASC&engines=V8&sourceContext=carGurusHomePagePrice&bodyTypeGroupIds=1&distance=50&minPrice=10000&sortType=DEAL_SCORE#listing=312868031/NONE," $17,995 ",2008,Mercedes-Benz,SL-Class,SL 550,Convertible,"99,845",1,RWD,Gas,382,5.5,V8,17,TX,No,No,4,No,Yes
10/20/2021,https://www.cargurus.com/Cars/inventorylisting/viewDetailsFilterViewInventoryListing.action?zip=77433&inventorySearchWidgetType=PRICE&maxPrice=20000&sortDir=ASC&engines=V8&sourceContext=carGurusHomePagePrice&bodyTypeGroupIds=1&distance=50&minPrice=10000&sortType=DEAL_SCORE#listing=313836759/NONE," $11,595 ",2000,Jaguar,XK-Series,XK8,Convertible,"84,168",1,RWD,Gas,290,4,V8,18,TX,No,1,6,No,No
10/20/2021,https://www.cargurus.com/Cars/inventorylisting/viewDetailsFilterViewInventoryListing.action?zip=77433&inventorySearchWidgetType=PRICE&maxPrice=30000&sortDir=ASC&sourceContext=carGurusHomePagePrice&bodyTypeGroupIds=1&distance=50&minPrice=20000&sortType=DEAL_SCORE#listing=307961522/NONE," $23,995 ",2001,Porsche,911,Carrera,Convertible,"80,333",0,RWD,Gas,300,3.4,H6,19,TX,No,No,6,No,No
10/20/2021,https://www.cargurus.com/Cars/inventorylisting/viewDetailsFilterViewInventoryListing.action?zip=77433&inventorySearchWidgetType=PRICE&maxPrice=30000&sortDir=ASC&sourceContext=carGurusHomePagePrice&bodyTypeGroupIds=1&distance=50&minPrice=20000&sortType=DEAL_SCORE#listing=314802621/NONE," $27,801 ",2008,Porsche,Boxster,S,Convertible,"30,332",0,RWD,Gas,295,3.4,H6,22,TX,No,No,3,No,No
10/20/2021,https://www.cargurus.com/Cars/inventorylisting/viewDetailsFilterViewInventoryListing.action?zip=77433&inventorySearchWidgetType=PRICE&maxPrice=30000&sortDir=ASC&sourceContext=carGurusHomePagePrice&bodyTypeGroupIds=1&distance=50&minPrice=20000&sortType=DEAL_SCORE#listing=300543699/NONE," $23,200 ",2002,Porsche,911,Carrera 4,Convertible,"103,577",0,AWD,Gas,320,3.6,H6,18,TX,No,No,6,No,Yes
10/20/2021,https://www.cargurus.com/Cars/inventorylisting/viewDetailsFilterViewInventoryListing.action?zip=77433&inventorySearchWidgetType=PRICE&maxPrice=30000&sortDir=ASC&sourceContext=carGurusHomePagePrice&bodyTypeGroupIds=1&distance=50&minPrice=20000&sortType=DEAL_SCORE#listing=314332990/NONE," $24,988 ",2016,BMW,4 Series,428i,Convertible,"66,110",1,RWD,Gas,240,2,I4,28,TX,Yes,No,2,No,Yes
10/20/2021,https://www.cargurus.com/Cars/inventorylisting/viewDetailsFilterViewInventoryListing.action?zip=77433&inventorySearchWidgetType=PRICE&maxPrice=30000&sortDir=ASC&sourceContext=carGurusHomePagePrice&bodyTypeGroupIds=1&distance=50&minPrice=20000&sortType=DEAL_SCORE#listing=310999675/NONE," $24,300 ",2018,Mazda,MX-5 Miata,Grand Touring,Convertible/Roadster,"29,211",1,RWD,Gas,155,2,I4,30,TX,No,No,1,No,No
10/20/2021,https://www.cargurus.com/Cars/inventorylisting/viewDetailsFilterViewInventoryListing.action?zip=77433&inventorySearchWidgetType=PRICE&maxPrice=30000&sortDir=ASC&sourceContext=carGurusHomePagePrice&bodyTypeGroupIds=1&distance=50&minPrice=20000&sortType=DEAL_SCORE#listing=312945361/NONE," $24,000 ",2017,FIAT,124 Spider Lusso,,Convertible/Roadster,"25,637",0,RWD,Gas,160,1.4,I4,30,TX,No,No,3,No,No
10/20/2021,https://www.cargurus.com/Cars/inventorylisting/viewDetailsFilterViewInventoryListing.action?zip=77433&inventorySearchWidgetType=PRICE&maxPrice=30000&sortDir=ASC&sourceContext=carGurusHomePagePrice&bodyTypeGroupIds=1&distance=50&minPrice=20000&sortType=DEAL_SCORE#listing=313017857/NONE," $28,998 ",2017,Buick,Cascada,Premium,Convertible,"30,701",1,FWD,Gas,,1.6,I4,23,TX,No,No,2,No,No
10/20/2021,https://www.cargurus.com/Cars/inventorylisting/viewDetailsFilterViewInventoryListing.action?zip=77433&inventorySearchWidgetType=PRICE&maxPrice=30000&sortDir=ASC&sourceContext=carGurusHomePagePrice&bodyTypeGroupIds=1&distance=50&minPrice=20000&sortType=DEAL_SCORE#listing=313850080/NONE," $27,495 ",2013,BMW,3 Series,335is,Convertible,"41,309",1,RWD,Gas,320,3,I6,,TX,No,No,1,No,No
10/20/2021,https://www.cargurus.com/Cars/inventorylisting/viewDetailsFilterViewInventoryListing.action?zip=77433&inventorySearchWidgetType=PRICE&maxPrice=30000&sortDir=ASC&sourceContext=carGurusHomePagePrice&bodyTypeGroupIds=1&distance=50&minPrice=20000&sortType=DEAL_SCORE#listing=312987226/NONE," $24,998 ",1994,Mercedes-Benz,SL-Class,SL 320,Convertible,"43,989",1,RWD,Gas,229,3.2,I6,18,TX,No,No,2,No,No
10/20/2021,https://www.cargurus.com/Cars/inventorylisting/viewDetailsFilterViewInventoryListing.action?zip=77433&inventorySearchWidgetType=PRICE&maxPrice=30000&sortDir=ASC&sourceContext=carGurusHomePagePrice&bodyTypeGroupIds=1&distance=50&minPrice=20000&sortType=DEAL_SCORE#listing=314876340/NONE," $25,643 ",2013,BMW,1 Series,135i,Convertible,"43,561",1,RWD,Gas,300,3,I6,21,TX,No,No,3,No,No
10/20/2021,https://www.cargurus.com/Cars/inventorylisting/viewDetailsFilterViewInventoryListing.action?zip=77433&inventorySearchWidgetType=PRICE&maxPrice=30000&sortDir=ASC&sourceContext=carGurusHomePagePrice&bodyTypeGroupIds=1&distance=50&minPrice=20000&sortType=DEAL_SCORE#listing=311331979/NONE," $29,495 ",2005,BMW,3 Series,M3,Convertible,"91,750",0,RWD,Gas,333,3.2,I6,17,TX,No,Yes,5,No,Yes
10/20/2021,https://www.cargurus.com/Cars/inventorylisting/viewDetailsFilterViewInventoryListing.action?zip=77433&inventorySearchWidgetType=PRICE&maxPrice=30000&sortDir=ASC&sourceContext=carGurusHomePagePrice&bodyTypeGroupIds=1&distance=50&minPrice=20000&sortType=DEAL_SCORE#listing=309717160/NONE," $25,591 ",2015,BMW,4 Series,435i,Convertible,"76,131",1,RWD,Gas,300,3,I6,25,TX,No,No,2,No,No
10/20/2021,https://www.cargurus.com/Cars/inventorylisting/viewDetailsFilterViewInventoryListing.action?zip=77433&inventorySearchWidgetType=PRICE&maxPrice=30000&sortDir=ASC&sourceContext=carGurusHomePagePrice&bodyTypeGroupIds=1&distance=50&minPrice=20000&sortType=DEAL_SCORE#listing=308683790/NONE," $25,995 ",2014,Mercedes-Benz,E-Class,E 350,Convertible,"61,796",1,RWD,Gas,302,3.5,V6,23,TX,No,No,2,No,No
10/20/2021,https://www.cargurus.com/Cars/inventorylisting/viewDetailsFilterViewInventoryListing.action?zip=77433&inventorySearchWidgetType=PRICE&maxPrice=30000&sortDir=ASC&sourceContext=carGurusHomePagePrice&bodyTypeGroupIds=1&distance=50&minPrice=20000&sortType=DEAL_SCORE#listing=308176637/NONE," $27,591 ",2018,Chevrolet,Camaro,1LT,Convertible,"37,249",1,RWD,Gas,335,3.6,V6,24,TX,No,No,2,No,No
10/20/2021,https://www.cargurus.com/Cars/inventorylisting/viewDetailsFilterViewInventoryListing.action?zip=77433&inventorySearchWidgetType=PRICE&maxPrice=30000&sortDir=ASC&sourceContext=carGurusHomePagePrice&bodyTypeGroupIds=1&distance=50&minPrice=20000&sortType=DEAL_SCORE#listing=312585283/NONE," $21,951 ",2013,INFINITI,G37,,Convertible,"46,326",1,RWD,Gas,325,3.7,V6,21,TX,No,No,2,No,No
10/20/2021,https://www.cargurus.com/Cars/inventorylisting/viewDetailsFilterViewInventoryListing.action?zip=77433&inventorySearchWidgetType=PRICE&maxPrice=30000&sortDir=ASC&sourceContext=carGurusHomePagePrice&bodyTypeGroupIds=1&distance=50&minPrice=20000&sortType=DEAL_SCORE#listing=298693155/NONE," $27,000 ",2017,Chevrolet,Camaro,1LT,Convertible,"79,180",1,RWD,Gas,335,3.6,V6,,TX,No,No,2,No,Yes
10/20/2021,https://www.cargurus.com/Cars/inventorylisting/viewDetailsFilterViewInventoryListing.action?zip=77433&inventorySearchWidgetType=PRICE&maxPrice=30000&sortDir=ASC&sourceContext=carGurusHomePagePrice&bodyTypeGroupIds=1&distance=50&minPrice=20000&sortType=DEAL_SCORE#listing=314910672/NONE," $24,491 ",2005,Chevrolet,Corvette,,Convertible,"45,448",1,RWD,Gas,400,6,V8,,TX,No,No,3,No,No
10/20/2021,https://www.cargurus.com/Cars/inventorylisting/viewDetailsFilterViewInventoryListing.action?zip=77433&inventorySearchWidgetType=PRICE&maxPrice=30000&sortDir=ASC&sourceContext=carGurusHomePagePrice&bodyTypeGroupIds=1&distance=50&minPrice=20000&sortType=DEAL_SCORE#listing=307123367/NONE," $25,999 ",2004,Cadillac,XLR,,Convertible,"29,688",1,RWD,Gas,320,4.6,V8,,TX,No,No,3,No,No
10/20/2021,https://www.cargurus.com/Cars/inventorylisting/viewDetailsFilterViewInventoryListing.action?zip=77433&inventorySearchWidgetType=PRICE&maxPrice=30000&sortDir=ASC&sourceContext=carGurusHomePagePrice&bodyTypeGroupIds=1&distance=50&minPrice=20000&sortType=DEAL_SCORE#listing=314735742/NONE," $20,995 ",2005,Chevrolet,Corvette,,Convertible,"86,973",0,RWD,Gas,400,6,V8,21,TX,No,No,1,No,No
10/20/2021,https://www.cargurus.com/Cars/inventorylisting/viewDetailsFilterViewInventoryListing.action?zip=77433&inventorySearchWidgetType=PRICE&maxPrice=30000&sortDir=ASC&sourceContext=carGurusHomePagePrice&bodyTypeGroupIds=1&distance=50&minPrice=20000&sortType=DEAL_SCORE#listing=315077365/NONE," $22,998 ",2007,Jaguar,XK-Series,XK,Convertible,"43,102",1,RWD,Gas,300,4.2,V8,20,TX,No,No,2,No,No
10/20/2021,https://www.cargurus.com/Cars/inventorylisting/viewDetailsFilterViewInventoryListing.action?zip=77433&inventorySearchWidgetType=PRICE&maxPrice=30000&sortDir=ASC&sourceContext=carGurusHomePagePrice&bodyTypeGroupIds=1&distance=50&minPrice=20000&sortType=DEAL_SCORE#listing=314820226/NONE," $26,491 ",2007,Jaguar,XK-Series,XK,Convertible,"33,836",1,RWD,Gas,420,4.2,V8,,TX,No,No,3,No,No
10/20/2021,https://www.cargurus.com/Cars/inventorylisting/viewDetailsFilterViewInventoryListing.action?zip=77433&inventorySearchWidgetType=PRICE&maxPrice=30000&sortDir=ASC&sourceContext=carGurusHomePagePrice&bodyTypeGroupIds=1&distance=50&minPrice=20000&sortType=DEAL_SCORE#listing=307216195/NONE," $29,900 ",2002,Pontiac,Firebird Trans Am,,Convertible,"31,384",0,RWD,Gas,325,5.7,V8,21,TX,No,No,5,No,No
10/20/2021,https://www.cargurus.com/Cars/inventorylisting/viewDetailsFilterViewInventoryListing.action?zip=77433&inventorySearchWidgetType=PRICE&maxPrice=30000&sortDir=ASC&sourceContext=carGurusHomePagePrice&bodyTypeGroupIds=1&distance=50&minPrice=20000&sortType=DEAL_SCORE#listing=314090389/NONE," $27,598 ",2003,Ford,Mustang,SVT Cobra Supercharged,Convertible,"89,340",0,RWD,Gas,390,4.6,V8,,TX,No,No,1,No,No
10/20/2021,https://www.cargurus.com/Cars/inventorylisting/viewDetailsFilterViewInventoryListing.action?zip=77433&inventorySearchWidgetType=PRICE&maxPrice=10000&sortDir=ASC&engines=V8&sourceContext=carGurusHomePagePrice&bodyTypeGroupIds=0&distance=50&minPrice=0&sortType=DEAL_SCORE#listing=312005721/NONE," $7,299 ",2011,Honda,Civic,LX,Coupe,92583,1,FWD,Gas,140,1.8,I4,30,TX,No,0,4,No,No
10/20/2021,https://www.cargurus.com/Cars/inventorylisting/viewDetailsFilterViewInventoryListing.action?zip=77433&inventorySearchWidgetType=PRICE&maxPrice=10000&sortDir=ASC&engines=V8&sourceContext=carGurusHomePagePrice&bodyTypeGroupIds=0&distance=50&minPrice=0&sortType=DEAL_SCORE#listing=314557359/NONE," $5,495 ",2011,Honda,Civic,EX,Coupe,149812,1,FWD,Gas,140,1.8,I4,30,TX,Yes,Yes,4,No,No
10/20/2021,https://www.cargurus.com/Cars/inventorylisting/viewDetailsFilterViewInventoryListing.action?zip=77433&inventorySearchWidgetType=PRICE&maxPrice=10000&sortDir=ASC&engines=V8&sourceContext=carGurusHomePagePrice&bodyTypeGroupIds=0&distance=50&minPrice=0&sortType=DEAL_SCORE#listing=314733093/NONE," $4,900 ",2008,Scion,tC,,Coupe,"165,200",1,FWD,Gas,161,2.4,I4,25,TX,No,1,3,No,No
10/20/2021,https://www.cargurus.com/Cars/inventorylisting/viewDetailsFilterViewInventoryListing.action?zip=77433&inventorySearchWidgetType=PRICE&maxPrice=10000&sortDir=ASC&engines=V8&sourceContext=carGurusHomePagePrice&bodyTypeGroupIds=0&distance=50&minPrice=0&sortType=DEAL_SCORE#listing=312453286/NONE," $8,495 ",2015,Hyundai,Veloster,,Coupe,"130,912",1,FWD,Gas,138,1.6,I4,,TX,No,No,3,Yes,No
10/20/2021,https://www.cargurus.com/Cars/inventorylisting/viewDetailsFilterViewInventoryListing.action?zip=77433&inventorySearchWidgetType=PRICE&maxPrice=10000&sortDir=ASC&engines=V8&sourceContext=carGurusHomePagePrice&bodyTypeGroupIds=0&distance=50&minPrice=0&sortType=DEAL_SCORE#listing=314879171/NONE," $5,777 ",2001,Toyota,Celica,GT,Coupe,"178,000",1,FWD,Gas,140,1.8,I4,28,TX,No,No,2,No,No
10/20/2021,https://www.cargurus.com/Cars/inventorylisting/viewDetailsFilterViewInventoryListing.action?zip=77433&inventorySearchWidgetType=PRICE&maxPrice=10000&sortDir=ASC&engines=V8&sourceContext=carGurusHomePagePrice&bodyTypeGroupIds=0&distance=50&minPrice=0&sortType=DEAL_SCORE#listing=309863015/NONE," $7,991 ",1995,Acura,Integra,LS,Coupe,"119,548",1,FWD,Gas,142,1.8,I4,,TX,No,No,4,No,No
10/20/2021,https://www.cargurus.com/Cars/inventorylisting/viewDetailsFilterViewInventoryListing.action?zip=77433&inventorySearchWidgetType=PRICE&maxPrice=10000&sortDir=ASC&engines=V8&sourceContext=carGurusHomePagePrice&bodyTypeGroupIds=0&distance=50&minPrice=0&sortType=DEAL_SCORE#listing=313870127/NONE," $9,995 ",2006,BMW,6 Series,650i,Coupe,"96,154",1,RWD,Gas,360,4.8,V8,19,TX,No,2,5,No,No
10/20/2021,https://www.cargurus.com/Cars/inventorylisting/viewDetailsFilterViewInventoryListing.action?zip=77433&inventorySearchWidgetType=PRICE&maxPrice=10000&sortDir=ASC&engines=V8&sourceContext=carGurusHomePagePrice&bodyTypeGroupIds=0&distance=50&minPrice=0&sortType=DEAL_SCORE#listing=314110483/NONE," $6,499 ",2007,Ford,Mustang,GT Deluxe,Coupe,"135,256",1,RWD,Gas,300,4.6,V8,18,TX,No,No,6,No,Yes
10/20/2021,https://www.cargurus.com/Cars/inventorylisting/viewDetailsFilterViewInventoryListing.action?zip=77433&inventorySearchWidgetType=PRICE&maxPrice=10000&sortDir=ASC&engines=V8&sourceContext=carGurusHomePagePrice&bodyTypeGroupIds=0&distance=50&minPrice=0&sortType=DEAL_SCORE#listing=310611429/NONE," $7,995 ",2012,BMW,1 Series,128i,Coupe,"126,621",1,RWD,Gas,230,3,I6,23,TX,No,1,2,No,No
10/20/2021,https://www.cargurus.com/Cars/inventorylisting/viewDetailsFilterViewInventoryListing.action?zip=77433&inventorySearchWidgetType=PRICE&maxPrice=10000&sortDir=ASC&engines=V8&sourceContext=carGurusHomePagePrice&bodyTypeGroupIds=0&distance=50&minPrice=0&sortType=DEAL_SCORE#listing=314701324/NONE," $7,995 ",2009,BMW,3 Series,328i,Coupe,"130,275",1,RWD,Gas,230,3,I6,,TX,No,1,2,No,No
10/20/2021,https://www.cargurus.com/Cars/inventorylisting/viewDetailsFilterViewInventoryListing.action?zip=77433&inventorySearchWidgetType=PRICE&maxPrice=10000&sortDir=ASC&engines=V8&sourceContext=carGurusHomePagePrice&bodyTypeGroupIds=0&distance=50&minPrice=0&sortType=DEAL_SCORE#listing=307771279/NONE," $9,299 ",2005,BMW,3 Series,325Ci,Coupe,"70,975",1,RWD,Gas,184,2.5,I6,21,TX,No,No,2,No,No
10/20/2021,https://www.cargurus.com/Cars/inventorylisting/viewDetailsFilterViewInventoryListing.action?zip=77433&inventorySearchWidgetType=PRICE&maxPrice=10000&sortDir=ASC&engines=V8&sourceContext=carGurusHomePagePrice&bodyTypeGroupIds=0&distance=50&minPrice=0&sortType=DEAL_SCORE#listing=309314733/NONE," $7,995 ",1992,Chevrolet,Camaro,RS,Coupe,"99,760",1,RWD,Gas,,5,V8,,TX,No,No,4,No,No
10/20/2021,https://www.cargurus.com/Cars/inventorylisting/viewDetailsFilterViewInventoryListing.action?zip=77433&inventorySearchWidgetType=PRICE&maxPrice=10000&sortDir=ASC&engines=V8&sourceContext=carGurusHomePagePrice&bodyTypeGroupIds=0&distance=50&minPrice=0&sortType=DEAL_SCORE#listing=314893663/NONE," $5,888 ",2003,Mercedes-Benz,CLK-Class,CLK 320,Coupe,"40,866",1,RWD,Gas,215,3.2,V6,20,TX,No,No,1,No,No
10/20/2021,https://www.cargurus.com/Cars/inventorylisting/viewDetailsFilterViewInventoryListing.action?zip=77433&inventorySearchWidgetType=PRICE&maxPrice=10000&sortDir=ASC&engines=V8&sourceContext=carGurusHomePagePrice&bodyTypeGroupIds=0&distance=50&minPrice=0&sortType=DEAL_SCORE#listing=313030710/NONE," $9,800 ",2010,Chevrolet,Camaro,2LT,Coupe,"138,000",1,RWD,Gas,304,3.6,V6,,TX,No,No,2,No,No
10/20/2021,https://www.cargurus.com/Cars/inventorylisting/viewDetailsFilterViewInventoryListing.action?zip=77433&inventorySearchWidgetType=PRICE&maxPrice=10000&sortDir=ASC&engines=V8&sourceContext=carGurusHomePagePrice&bodyTypeGroupIds=0&distance=50&minPrice=0&sortType=DEAL_SCORE#listing=314048298/NONE," $4,994 ",2008,Honda,Accord,,Coupe,"203,339",1,FWD,Gas,268,3.5,V6,23,TX,No,1,7,No,No
10/20/2021,https://www.cargurus.com/Cars/inventorylisting/viewDetailsFilterViewInventoryListing.action?zip=77433&inventorySearchWidgetType=PRICE&maxPrice=10000&sortDir=ASC&engines=V8&sourceContext=carGurusHomePagePrice&bodyTypeGroupIds=0&distance=50&minPrice=0&sortType=DEAL_SCORE#listing=312406614/NONE," $9,250 ",2011,Ford,Mustang,,Coupe,"141,950",1,RWD,Gas,305,3.7,V6,24,TX,No,No,2,No,No
10/20/2021,https://www.cargurus.com/Cars/inventorylisting/viewDetailsFilterViewInventoryListing.action?zip=77433&inventorySearchWidgetType=PRICE&maxPrice=10000&sortDir=ASC&engines=V8&sourceContext=carGurusHomePagePrice&bodyTypeGroupIds=0&distance=50&minPrice=0&sortType=DEAL_SCORE#listing=309928787/NONE," $6,800 ",2008,INFINITI,G37,Sport,Coupe,"171,248",0,RWD,Gas,330,3.7,V6,21,TX,No,No,4,No,No
10/20/2021,https://www.cargurus.com/Cars/inventorylisting/viewDetailsFilterViewInventoryListing.action?zip=77433&inventorySearchWidgetType=PRICE&maxPrice=10000&sortDir=ASC&engines=V8&sourceContext=carGurusHomePagePrice&bodyTypeGroupIds=0&distance=50&minPrice=0&sortType=DEAL_SCORE#listing=309808397/NONE," $9,599 ",2014,Ford,Mustang,,Coupe,"150,343",1,,Gas,305,3.7,V6,,TX,No,1,3,Yes,No
10/20/2021,https://www.cargurus.com/Cars/inventorylisting/viewDetailsFilterViewInventoryListing.action?zip=77433&inventorySearchWidgetType=PRICE&maxPrice=10000&sortDir=ASC&engines=V8&sourceContext=carGurusHomePagePrice&bodyTypeGroupIds=0&distance=50&minPrice=0&sortType=DEAL_SCORE#listing=314758305/NONE," $6,450 ",2004,INFINITI,G35,,Coupe,"139,263",1,RWD,Gas,280,3.5,V6,19,TX,No,No,3,No,No
10/20/2021,https://www.cargurus.com/Cars/inventorylisting/viewDetailsFilterViewInventoryListing.action?zip=77433&inventorySearchWidgetType=PRICE&maxPrice=10000&sortDir=ASC&engines=V8&sourceContext=carGurusHomePagePrice&bodyTypeGroupIds=0&distance=50&minPrice=0&sortType=DEAL_SCORE#listing=310363738/NONE," $8,500 ",1989,Buick,Reatta,,Coupe,"82,332",1,FWD,Gas,165,3.8,V6,21,TX,No,No,3,No,No
10/20/2021,https://www.cargurus.com/Cars/inventorylisting/viewDetailsFilterViewInventoryListing.action?sourceContext=carGurusHomePagePrice&inventorySearchWidgetType=PRICE&minPrice=10000&maxPrice=20000&zip=77433#listing=314222501/NONE," $19,992 ",2015,Subaru,BRZ,Limited,Coupe,"72,439",1,RWD,Gas,,2,H4,,TX,No,No,2,No,No
10/20/2021,https://www.cargurus.com/Cars/inventorylisting/viewDetailsFilterViewInventoryListing.action?sourceContext=carGurusHomePagePrice&inventorySearchWidgetType=PRICE&minPrice=10000&maxPrice=20000&zip=77433#listing=313885509/NONE," $17,493 ",2015,Subaru,BRZ,Premium,Coupe,"99,322",0,RWD,Gas,,2,H4,26,TX,No,No,3,No,No
10/20/2021,https://www.cargurus.com/Cars/inventorylisting/viewDetailsFilterViewInventoryListing.action?sourceContext=carGurusHomePagePrice&inventorySearchWidgetType=PRICE&minPrice=10000&maxPrice=20000&zip=77433#listing=314581123/NONE," $17,493 ",2014,Scion,FR-S,Monogram,Coupe,"84,878",0,RWD,Gas,200,2,H4,26,TX,No,1,1,No,No
10/20/2021,https://www.cargurus.com/Cars/inventorylisting/viewDetailsFilterViewInventoryListing.action?sourceContext=carGurusHomePagePrice&inventorySearchWidgetType=PRICE&minPrice=10000&maxPrice=20000&zip=77433#listing=312176426/NONE," $19,500 ",2017,Chevrolet,Camaro,1LT,Coupe,"69,152",1,RWD,Gas,275,2,I4,26,TX,No,No,3,No,Yes
10/20/2021,https://www.cargurus.com/Cars/inventorylisting/viewDetailsFilterViewInventoryListing.action?sourceContext=carGurusHomePagePrice&inventorySearchWidgetType=PRICE&minPrice=10000&maxPrice=20000&zip=77433#listing=312305381/NONE," $13,500 ",2016,Hyundai,Veloster,Turbo,Coupe,"76,961",0,FWD,Gas,201,1.6,I4,29,TX,No,No,1,No,No
10/20/2021,https://www.cargurus.com/Cars/inventorylisting/viewDetailsFilterViewInventoryListing.action?sourceContext=carGurusHomePagePrice&inventorySearchWidgetType=PRICE&minPrice=10000&maxPrice=20000&zip=77433#listing=310298806/NONE," $14,000 ",2015,Honda,Accord,LX-S,Coupe,"74,498",CVT,FWD,Gas,185,2.4,I4,30,TX,No,2,4,No,No
10/20/2021,https://www.cargurus.com/Cars/inventorylisting/viewDetailsFilterViewInventoryListing.action?sourceContext=carGurusHomePagePrice&inventorySearchWidgetType=PRICE&minPrice=10000&maxPrice=20000&zip=77433#listing=299537567/NONE," $14,300 ",2013,Mercedes-Benz,C-Class,C 250,Coupe,"66,555",1,RWD,Gas,201,1.8,I4,26,TX,No,3,6,No,No
10/20/2021,https://www.cargurus.com/Cars/inventorylisting/viewDetailsFilterViewInventoryListing.action?sourceContext=carGurusHomePagePrice&inventorySearchWidgetType=PRICE&minPrice=10000&maxPrice=20000&zip=77433#listing=311326947/NONE," $16,791 ",2011,Audi,TT,2.0T quattro Premium,Coupe,"74,222",1,AWD,Gas,211,2,I4,,TX,No,No,2,No,No
10/20/2021,https://www.cargurus.com/Cars/inventorylisting/viewDetailsFilterViewInventoryListing.action?sourceContext=carGurusHomePagePrice&inventorySearchWidgetType=PRICE&minPrice=10000&maxPrice=20000&zip=77433#listing=310799973/NONE," $16,850 ",2015,Honda,Civic,Si,Coupe,"95,740",0,FWD,Gas,205,2.4,I4,26,TX,No,No,2,No,No
10/20/2021,https://www.cargurus.com/Cars/inventorylisting/viewDetailsFilterViewInventoryListing.action?sourceContext=carGurusHomePagePrice&inventorySearchWidgetType=PRICE&minPrice=10000&maxPrice=20000&zip=77433#listing=312956173/NONE," $19,997 ",2015,BMW,4 Series,428i xDrive,Coupe,"90,300",1,AWD,Gas,240,2,I4,27,TX,No,No,1,No,No
10/20/2021,https://www.cargurus.com/Cars/inventorylisting/viewDetailsFilterViewInventoryListing.action?sourceContext=carGurusHomePagePrice&inventorySearchWidgetType=PRICE&minPrice=10000&maxPrice=20000&zip=77433#listing=312887299/NONE," $17,549 ",2016,Scion,tC,,Coupe,"62,336",1,,Gas,179,2.5,I4,,TX,No,No,1,No,No
10/20/2021,https://www.cargurus.com/Cars/inventorylisting/viewDetailsFilterViewInventoryListing.action?sourceContext=carGurusHomePagePrice&inventorySearchWidgetType=PRICE&minPrice=10000&maxPrice=20000&zip=77433#listing=311975802/NONE," $15,995 ",2016,Hyundai,Veloster,Turbo,Coupe,"64,087",1,FWD,Gas,201,1.6,I4,,TX,No,No,2,No,No
10/20/2021,https://www.cargurus.com/Cars/inventorylisting/viewDetailsFilterViewInventoryListing.action?sourceContext=carGurusHomePagePrice&inventorySearchWidgetType=PRICE&minPrice=10000&maxPrice=20000&zip=77433#listing=314910678/NONE," $13,491 ",2011,Audi,A5,2.0T quattro Premium,Coupe,"94,285",1,AWD,Gas,211,2,I4,25,TX,No,No,5,No,No
10/20/2021,https://www.cargurus.com/Cars/inventorylisting/viewDetailsFilterViewInventoryListing.action?sourceContext=carGurusHomePagePrice&inventorySearchWidgetType=PRICE&minPrice=10000&maxPrice=20000&zip=77433#listing=314929731/NONE," $16,999 ",2017,Ford,Mustang,,Coupe,"70,403",1,RWD,Gas,300,3.7,V6,22,TX,Yes,Yes,3,No,No
10/20/2021,https://www.cargurus.com/Cars/inventorylisting/viewDetailsFilterViewInventoryListing.action?sourceContext=carGurusHomePagePrice&inventorySearchWidgetType=PRICE&minPrice=10000&maxPrice=20000&zip=77433#listing=307000369/NONE," $16,495 ",2014,Nissan,370Z,Touring,Coupe,"117,992",1,RWD,Gas,332,3.7,V6,22,TX,No,No,3,No,No
10/20/2021,https://www.cargurus.com/Cars/inventorylisting/viewDetailsFilterViewInventoryListing.action?sourceContext=carGurusHomePagePrice&inventorySearchWidgetType=PRICE&minPrice=10000&maxPrice=20000&zip=77433#listing=313960744/NONE," $16,900 ",2014,INFINITI,Q60,Journey,Coupe,"57,125",1,RWD,Gas,330,3.7,V6,23,TX,Yes,Yes,3,No,No
10/20/2021,https://www.cargurus.com/Cars/inventorylisting/viewDetailsFilterViewInventoryListing.action?sourceContext=carGurusHomePagePrice&inventorySearchWidgetType=PRICE&minPrice=10000&maxPrice=20000&zip=77433#listing=314825210/NONE," $17,500 ",2016,Dodge,Challenger,SXT,Coupe,"99,895",1,RWD,Gas,305,3.6,V6,24,TX,Yes,Yes,1,No,No
10/20/2021,https://www.cargurus.com/Cars/inventorylisting/viewDetailsFilterViewInventoryListing.action?sourceContext=carGurusHomePagePrice&inventorySearchWidgetType=PRICE&minPrice=10000&maxPrice=20000&zip=77433#listing=302225083/NONE," $16,995 ",2014,BMW,4 Series,435i,Coupe,"129,734",1,RWD,Gas,300,3,I6,27,TX,No,No,3,No,No
10/20/2021,https://www.cargurus.com/Cars/inventorylisting/viewDetailsFilterViewInventoryListing.action?sourceContext=carGurusHomePagePrice&inventorySearchWidgetType=PRICE&minPrice=10000&maxPrice=20000&zip=77433#listing=313933093/NONE," $12,799 ",2008,BMW,3 Series,335i,Coupe,"71,856",,RWD,Gas,300,3,I6,,TX,No,No,6,No,No
10/20/2021,https://www.cargurus.com/Cars/inventorylisting/viewDetailsFilterViewInventoryListing.action?sourceContext=carGurusHomePagePrice&inventorySearchWidgetType=PRICE&minPrice=10000&maxPrice=20000&zip=77433#listing=304261899/NONE," $10,295 ",2012,BMW,1 Series,128i,Coupe,"98,406",1,RWD,Gas,230,3,I6,23,TX,No,No,4,No,No
10/20/2021,https://www.cargurus.com/Cars/inventorylisting/viewDetailsFilterViewInventoryListing.action?sourceContext=carGurusHomePagePrice&inventorySearchWidgetType=PRICE&minPrice=10000&maxPrice=20000&zip=77433#listing=313198732/NONE," $10,500 ",2011,BMW,3 Series,328i,Coupe,"117,200",1,AWD,Gas,230,3,I6,21,TX,No,No,3,No,Yes
10/20/2021,https://www.cargurus.com/Cars/inventorylisting/viewDetailsFilterViewInventoryListing.action?sourceContext=carGurusHomePagePrice&inventorySearchWidgetType=PRICE&minPrice=10000&maxPrice=20000&zip=77433#listing=313218007/NONE," $18,995 ",2010,Jaguar,XK-Series,XK,Coupe,"61,023",1,RWD,Gas,385,5,V8,20,TX,No,No,2,No,No
10/20/2021,https://www.cargurus.com/Cars/inventorylisting/viewDetailsFilterViewInventoryListing.action?sourceContext=carGurusHomePagePrice&inventorySearchWidgetType=PRICE&minPrice=10000&maxPrice=20000&zip=77433#listing=309091198/NONE," $19,591 ",2010,Dodge,Challenger,R/T,Coupe,"56,464",1,RWD,Gas,372,5.7,V8,20,TX,No,2,3,No,No
10/20/2021,https://www.cargurus.com/Cars/inventorylisting/viewDetailsFilterViewInventoryListing.action?sourceContext=carGurusHomePagePrice&inventorySearchWidgetType=PRICE&minPrice=10000&maxPrice=20000&zip=77433#listing=313522196/NONE," $19,980 ",2004,Chevrolet,Corvette,,Coupe,"57,156",1,RWD,Gas,350,5.7,V8,19,TX,No,No,4,No,No
10/20/2021,https://www.cargurus.com/Cars/inventorylisting/viewDetailsFilterViewInventoryListing.action?sourceContext=carGurusHomePagePrice&inventorySearchWidgetType=PRICE&minPrice=10000&maxPrice=20000&zip=77433#listing=314904269/NONE," $17,991 ",2012,Audi,S5,4.2 quattro Premium,Coupe,"113,248",1,AWD,Gas,354,4.2,V8,20,TX,No,No,3,No,No
10/20/2021,https://www.cargurus.com/Cars/inventorylisting/viewDetailsFilterViewInventoryListing.action?sourceContext=carGurusHomePagePrice&inventorySearchWidgetType=PRICE&minPrice=10000&maxPrice=20000&zip=77433#listing=304130986/NONE," $19,291 ",2012,BMW,6 Series,650i,Coupe,"90,505",1,RWD,Gas,400,4.4,V8,19,TX,No,1,4,No,No
10/20/2021,https://www.cargurus.com/Cars/inventorylisting/viewDetailsFilterViewInventoryListing.action?sourceContext=carGurusHomePagePrice&inventorySearchWidgetType=PRICE&minPrice=10000&maxPrice=20000&zip=77433#listing=309048397/NONE," $19,999 ",2004,Pontiac,GTO,,Coupe,"49,100",1,RWD,Gas,350,5.7,V8,17,TX,No,No,4,No,No
10/20/2021,https://www.cargurus.com/Cars/inventorylisting/viewDetailsFilterViewInventoryListing.action?sourceContext=carGurusHomePagePrice&inventorySearchWidgetType=PRICE&minPrice=10000&maxPrice=20000&zip=77433#listing=312226203/NONE," $14,998 ",2011,Mercedes-Benz,E-Class,E 550,Coupe,"98,027",1,RWD,Gas,382,5.5,V8,19,TX,No,No,3,No,No
10/20/2021,https://www.cargurus.com/Cars/inventorylisting/viewDetailsFilterViewInventoryListing.action?sourceContext=carGurusHomePagePrice&inventorySearchWidgetType=PRICE&minPrice=10000&maxPrice=20000&zip=77433#listing=313398216/NONE," $11,998 ",2000,Cadillac,Eldorado,ESC,Coupe,"58,867",1,FWD,Gas,275,4.6,V8,20,TX,No,No,4,No,Yes
10/20/2021,https://www.cargurus.com/Cars/inventorylisting/viewDetailsFilterViewInventoryListing.action?sourceContext=carGurusHomePagePrice&inventorySearchWidgetType=PRICE&minPrice=10000&maxPrice=20000&zip=77433#listing=314143216/NONE," $16,995 ",2000,Lexus,SC 400,,Coupe,"99,812",1,RWD,Gas,290,4,V8,19,TX,No,No,4,No,No
10/20/2021,https://www.cargurus.com/Cars/inventorylisting/viewDetailsFilterViewInventoryListing.action?zip=77433&inventorySearchWidgetType=PRICE&maxPrice=30000&sortDir=ASC&engines=V8&sourceContext=carGurusHomePagePrice&bodyTypeGroupIds=0&distance=50&minPrice=20000&sortType=DEAL_SCORE#listing=313831294/NONE," $27,991 ",2010,Maserati,GranTurismo,S,Coupe,"79,116",1,RWD,Gas,433,4.7,V8,15,TX,No,No,2,No,No
10/20/2021,https://www.cargurus.com/Cars/inventorylisting/viewDetailsFilterViewInventoryListing.action?zip=77433&inventorySearchWidgetType=PRICE&maxPrice=30000&sortDir=ASC&engines=V8&sourceContext=carGurusHomePagePrice&bodyTypeGroupIds=0&distance=50&minPrice=20000&sortType=DEAL_SCORE#listing=312787365/NONE," $26,997 ",2010,BMW,3 Series,M3,Coupe,"102,823",1,RWD,Gas,414,4,V8,17,TX,No,1,3,No,No
10/20/2021,https://www.cargurus.com/Cars/inventorylisting/viewDetailsFilterViewInventoryListing.action?zip=77433&inventorySearchWidgetType=PRICE&maxPrice=30000&sortDir=ASC&engines=V8&sourceContext=carGurusHomePagePrice&bodyTypeGroupIds=0&distance=50&minPrice=20000&sortType=DEAL_SCORE#listing=310297253/NONE," $26,991 ",2011,Cadillac,CTS-V,,Coupe,"134,323",1,RWD,Gas,556,6.2,V8,15,TX,No,No,1,No,No
10/20/2021,https://www.cargurus.com/Cars/inventorylisting/viewDetailsFilterViewInventoryListing.action?zip=77433&inventorySearchWidgetType=PRICE&maxPrice=30000&sortDir=ASC&engines=V8&sourceContext=carGurusHomePagePrice&bodyTypeGroupIds=0&distance=50&minPrice=20000&sortType=DEAL_SCORE#listing=311975734/NONE," $27,000 ",2016,Chevrolet,Camaro,1SS,Coupe,"93,363",1,RWD,Gas,455,6.2,V8,22,TX,No,No,3,No,No
10/20/2021,https://www.cargurus.com/Cars/inventorylisting/viewDetailsFilterViewInventoryListing.action?zip=77433&inventorySearchWidgetType=PRICE&maxPrice=30000&sortDir=ASC&engines=V8&sourceContext=carGurusHomePagePrice&bodyTypeGroupIds=0&distance=50&minPrice=20000&sortType=DEAL_SCORE#listing=309036973/NONE," $29,991 ",2016,Dodge,Challenger,R/T Plus Shaker,Coupe,"45,762",0,RWD,Gas,375,5.7,V8,19,TX,No,1,2,No,No
10/20/2021,https://www.cargurus.com/Cars/inventorylisting/viewDetailsFilterViewInventoryListing.action?sourceContext=carGurusHomePagePrice&inventorySearchWidgetType=PRICE&minPrice=0&maxPrice=10000&zip=77433#listing=312987547/NONE," $8,999 ",2014,Ford,Escape,Titanium,SUV,127856,1,FWD,Gas,,1.6,I4,27,TX,No,No,2,No,No
10/20/2021,https://www.cargurus.com/Cars/inventorylisting/viewDetailsFilterViewInventoryListing.action?sourceContext=carGurusHomePagePrice&inventorySearchWidgetType=PRICE&minPrice=0&maxPrice=10000&zip=77433#listing=305898907/NONE," $8,599 ",2011,Lincoln,MKX,,SUV,136710,1,AWD,Gas,305,3.7,V6,20,TX,No,No,2,No,No
10/20/2021,https://www.cargurus.com/Cars/inventorylisting/viewDetailsFilterViewInventoryListing.action?sourceContext=carGurusHomePagePrice&inventorySearchWidgetType=PRICE&minPrice=0&maxPrice=10000&zip=77433#listing=310953075/NONE," $8,490 ",2009,Audi,Q7,,SUV,"171,660",1,,Diesel,225,3,V6,,TX,No,No,7,No,Yes
10/20/2021,https://www.cargurus.com/Cars/inventorylisting/viewDetailsFilterViewInventoryListing.action?sourceContext=carGurusHomePagePrice&inventorySearchWidgetType=PRICE&minPrice=0&maxPrice=10000&zip=77433#listing=307139452/NONE," $4,999 ",2006,Toyota,Sequoia,Limited,SUV,"233,784",1,RWD,Gas,273,4.7,V8,15,TX,No,1,4,No,No
10/20/2021,https://www.cargurus.com/Cars/inventorylisting/viewDetailsFilterViewInventoryListing.action?sourceContext=carGurusHomePagePrice&inventorySearchWidgetType=PRICE&minPrice=0&maxPrice=10000&zip=77433#listing=307128696/NONE," $7,950 ",2010,Mercedes-Benz,M-Class,ML 350,SUV,"147,841",1,RWD,Gas,268,3.5,V6,18,TX,No,1,4,No,No
10/20/2021,https://www.cargurus.com/Cars/inventorylisting/viewDetailsFilterViewInventoryListing.action?sourceContext=carGurusHomePagePrice&inventorySearchWidgetType=PRICE&minPrice=0&maxPrice=10000&zip=77433#listing=311526310/NONE," $5,500 ",2009,Subaru,Forester,2.5 X Premium,SUV,"160,000",0,AWD,Gas,170,2.5,H4,23,TX,No,1,2,No,No
10/20/2021,https://www.cargurus.com/Cars/inventorylisting/viewDetailsFilterViewInventoryListing.action?sourceContext=carGurusHomePagePrice&inventorySearchWidgetType=PRICE&minPrice=0&maxPrice=10000&zip=77433#listing=313731039/NONE," $9,999 ",2012,Cadillac,SRX,Luxury,SUV,"125,905",1,FWD,Flex,308,3.6,V6,20,TX,No,Yes,2,No,No
10/20/2021,https://www.cargurus.com/Cars/inventorylisting/viewDetailsFilterViewInventoryListing.action?sourceContext=carGurusHomePagePrice&inventorySearchWidgetType=PRICE&minPrice=0&maxPrice=10000&zip=77433#listing=315060880/NONE," $9,995 ",2009,Porsche,Cayenne,Turbo,SUV,"191,880",1,AWD,Gas,385,4.8,V8,,TX,No,No,4,No,No
10/20/2021,https://www.cargurus.com/Cars/inventorylisting/viewDetailsFilterViewInventoryListing.action?sourceContext=carGurusHomePagePrice&inventorySearchWidgetType=PRICE&minPrice=0&maxPrice=10000&zip=77433#listing=312878210/NONE," $5,995 ",2006,Acura,MDX,Touring,SUV,"134,000",1,AWD,Gas,253,3.5,V6,18,TX,Yes,Yes,3,No,Yes
10/20/2021,https://www.cargurus.com/Cars/inventorylisting/viewDetailsFilterViewInventoryListing.action?sourceContext=carGurusHomePagePrice&inventorySearchWidgetType=PRICE&minPrice=0&maxPrice=10000&zip=77433#listing=313681639/NONE," $8,995 ",2011,GMC,Acadia Denali,,SUV,"181,000",1,FWD,Gas,288,3.6,V6,,TX,No,No,3,No,Yes
10/20/2021,https://www.cargurus.com/Cars/inventorylisting/viewDetailsFilterViewInventoryListing.action?sourceContext=carGurusHomePagePrice&inventorySearchWidgetType=PRICE&minPrice=0&maxPrice=10000&zip=77433#listing=312026762/NONE," $9,995 ",2008,Land Rover,Range Rover,Sport HSE,SUV,"139,126",1,4WD,Gas,300,4.4,V8,,TX,No,No,6,No,No
10/20/2021,https://www.cargurus.com/Cars/inventorylisting/viewDetailsFilterViewInventoryListing.action?zip=77433&inventorySearchWidgetType=PRICE&maxPrice=20000&sortDir=ASC&sourceContext=carGurusHomePagePrice&distance=50&minPrice=10000&sortType=DEAL_SCORE#listing=314995505/NONE," $12,995 ",2012,GMC,Yukon,Denali,SUV,"171,328",1,4x2,Flex,403,6.2,V8,,TX,No,No,3,No,No
10/20/2021,https://www.cargurus.com/Cars/inventorylisting/viewDetailsFilterViewInventoryListing.action?zip=77433&inventorySearchWidgetType=PRICE&maxPrice=20000&sortDir=ASC&sourceContext=carGurusHomePagePrice&distance=50&minPrice=10000&sortType=DEAL_SCORE#listing=312696797/NONE," $17,995 ",2016,Honda,CR-V,EX-L,SUV,"99,565",1,FWD,Gas,185,2.4,I4,29,TX,No,No,2,No,No
10/20/2021,https://www.cargurus.com/Cars/inventorylisting/viewDetailsFilterViewInventoryListing.action?zip=77433&inventorySearchWidgetType=PRICE&maxPrice=20000&sortDir=ASC&sourceContext=carGurusHomePagePrice&distance=50&minPrice=10000&sortType=DEAL_SCORE#listing=314622154/NONE," $14,998 ",2018,Hyundai,Santa Fe,Sport 2.4L,SUV,"109,029",1,FWD,Gas,185,2.4,I4,24,TX,No,No,2,Yes,No
10/20/2021,https://www.cargurus.com/Cars/inventorylisting/viewDetailsFilterViewInventoryListing.action?zip=77433&inventorySearchWidgetType=PRICE&maxPrice=20000&sortDir=ASC&sourceContext=carGurusHomePagePrice&distance=50&minPrice=10000&sortType=DEAL_SCORE#listing=304126140/NONE," $19,995 ",2018,Mazda,CX-5,Grand Touring,SUV,"94,309",1,FWD,Gas,187,2.5,I4,28,TX,No,No,2,Yes,No
10/20/2021,https://www.cargurus.com/Cars/inventorylisting/viewDetailsFilterViewInventoryListing.action?zip=77433&inventorySearchWidgetType=PRICE&maxPrice=20000&sortDir=ASC&sourceContext=carGurusHomePagePrice&distance=50&minPrice=10000&sortType=DEAL_SCORE#listing=302355155/NONE," $11,000 ",2017,Dodge,Journey,SE,SUV,"86,475",1,FWD,Gas,173,2.4,I4,22,TX,No,2,2,No,No
10/20/2021,https://www.cargurus.com/Cars/inventorylisting/viewDetailsFilterViewInventoryListing.action?zip=77433&inventorySearchWidgetType=PRICE&maxPrice=20000&sortDir=ASC&sourceContext=carGurusHomePagePrice&distance=50&minPrice=10000&sortType=DEAL_SCORE#listing=310338769/NONE," $14,999 ",2016,Jeep,Renegade,Limited,SUV,"72,799",1,4WD,Gas,180,2.4,I4,25,TX,No,1,2,No,Yes
10/20/2021,https://www.cargurus.com/Cars/inventorylisting/viewDetailsFilterViewInventoryListing.action?zip=77433&inventorySearchWidgetType=PRICE&maxPrice=20000&sortDir=ASC&sourceContext=carGurusHomePagePrice&distance=50&minPrice=10000&sortType=DEAL_SCORE#listing=312367248/NONE," $15,990 ",2017,Dodge,Journey,Crossroad Plus,SUV,"59,865",1,AWD,Gas,173,2.4,I4,,TX,No,No,2,No,Yes
10/20/2021,https://www.cargurus.com/Cars/inventorylisting/viewDetailsFilterViewInventoryListing.action?zip=77433&inventorySearchWidgetType=PRICE&maxPrice=20000&sortDir=ASC&sourceContext=carGurusHomePagePrice&distance=50&minPrice=10000&sortType=DEAL_SCORE#listing=307300293/NONE," $11,990 ",2013,Subaru,XV Crosstrek,Premium,SUV,"87,761",CVT,AWD,Gas,,2,H4,29,TX,No,No,1,No,No
10/20/2021,https://www.cargurus.com/Cars/inventorylisting/viewDetailsFilterViewInventoryListing.action?zip=77433&inventorySearchWidgetType=PRICE&maxPrice=20000&sortDir=ASC&sourceContext=carGurusHomePagePrice&distance=50&minPrice=10000&sortType=DEAL_SCORE#listing=313420913/NONE," $18,995 ",2013,Jeep,Wrangler,Sport,SUV,"101,294",1,4WD,Gas,285,3.6,V6,19,TX,No,1,5,No,No
10/20/2021,https://www.cargurus.com/Cars/inventorylisting/viewDetailsFilterViewInventoryListing.action?zip=77433&inventorySearchWidgetType=PRICE&maxPrice=20000&sortDir=ASC&sourceContext=carGurusHomePagePrice&distance=50&minPrice=10000&sortType=DEAL_SCORE#listing=312495245/NONE," $13,899 ",2012,Land Rover,Range Rover,Sport HSE LUX,SUV,"102,670",1,4WD,Gas,375,5,V8,15,TX,No,No,2,No,No
10/20/2021,https://www.cargurus.com/Cars/inventorylisting/viewDetailsFilterViewInventoryListing.action?zip=77433&inventorySearchWidgetType=PRICE&maxPrice=20000&sortDir=ASC&sourceContext=carGurusHomePagePrice&distance=50&minPrice=10000&sortType=DEAL_SCORE#listing=303723729/NONE," $12,499 ",2012,Mercedes-Benz,GLK-Class,GLK 350 4MATIC,SUV,"106,520",1,AWD,Gas,268,3.5,V6,18,TX,No,No,3,No,No
10/20/2021,https://www.cargurus.com/Cars/inventorylisting/viewDetailsFilterViewInventoryListing.action?zip=77433&inventorySearchWidgetType=PRICE&maxPrice=20000&sortDir=ASC&sourceContext=carGurusHomePagePrice&distance=50&minPrice=10000&sortType=DEAL_SCORE#listing=314875412/NONE," $18,998 ",2013,Cadillac,Escalade,ESV,SUV,"142,474",1,AWD,Flex,403,6.2,V8,15,TX,No,No,3,Yes,No
10/20/2021,https://www.cargurus.com/Cars/inventorylisting/viewDetailsFilterViewInventoryListing.action?zip=77433&inventorySearchWidgetType=PRICE&maxPrice=20000&sortDir=ASC&sourceContext=carGurusHomePagePrice&distance=50&minPrice=10000&sortType=DEAL_SCORE#listing=314416728/NONE," $18,193 ",2012,Volkswagen,Touareg,TDI Lux,SUV,"75,500",1,AWD,Diesel,225,3,V6,23,TX,No,No,2,No,Yes
10/20/2021,https://www.cargurus.com/Cars/inventorylisting/viewDetailsFilterViewInventoryListing.action?zip=77433&inventorySearchWidgetType=PRICE&maxPrice=30000&sortDir=ASC&sourceContext=carGurusHomePagePrice&bodyTypeGroupIds=7&distance=50&minPrice=20000&sortType=DEAL_SCORE#listing=314220269/NONE," $23,400 ",2019,Ford,Flex,SE,SUV,"8,742",1,FWD,Gas,287,3.5,V6,19,TX,No,1,1,No,No
10/20/2021,https://www.cargurus.com/Cars/inventorylisting/viewDetailsFilterViewInventoryListing.action?zip=77433&inventorySearchWidgetType=PRICE&maxPrice=30000&sortDir=ASC&sourceContext=carGurusHomePagePrice&bodyTypeGroupIds=7&distance=50&minPrice=20000&sortType=DEAL_SCORE#listing=307706366/NONE," $29,990 ",2016,GMC,Yukon,SLT,SUV,"104,812",1,4x2,Flex,355,5.3,V8,19,TX,No,1,2,No,No
10/20/2021,https://www.cargurus.com/Cars/inventorylisting/viewDetailsFilterViewInventoryListing.action?zip=77433&inventorySearchWidgetType=PRICE&maxPrice=30000&sortDir=ASC&sourceContext=carGurusHomePagePrice&bodyTypeGroupIds=7&distance=50&minPrice=20000&sortType=DEAL_SCORE#listing=312224536/NONE," $21,995 ",2020,Volkswagen,Tiguan,S,SUV,"14,215",1,FWD,Gas,184,2,I4,25,TX,No,No,1,No,No
10/20/2021,https://www.cargurus.com/Cars/inventorylisting/viewDetailsFilterViewInventoryListing.action?zip=77433&inventorySearchWidgetType=PRICE&maxPrice=30000&sortDir=ASC&sourceContext=carGurusHomePagePrice&bodyTypeGroupIds=7&distance=50&minPrice=20000&sortType=DEAL_SCORE#listing=314823368/NONE," $26,619 ",2019,Toyota,RAV4,LE,SUV,"12,111",1,AWD,Gas,203,2.5,I4,29,TX,No,No,1,No,No
10/20/2021,https://www.cargurus.com/Cars/inventorylisting/viewDetailsFilterViewInventoryListing.action?zip=77433&inventorySearchWidgetType=PRICE&maxPrice=30000&sortDir=ASC&sourceContext=carGurusHomePagePrice&bodyTypeGroupIds=7&distance=50&minPrice=20000&sortType=DEAL_SCORE#listing=306931532/NONE," $23,995 ",2018,Audi,Q3,2.0T Premium,SUV,"52,183",1,FWD,Gas,200,2,I4,24,TX,No,1,2,Yes,No
10/20/2021,https://www.cargurus.com/Cars/inventorylisting/viewDetailsFilterViewInventoryListing.action?zip=77433&inventorySearchWidgetType=PRICE&maxPrice=30000&sortDir=ASC&sourceContext=carGurusHomePagePrice&bodyTypeGroupIds=7&distance=50&minPrice=20000&sortType=DEAL_SCORE#listing=294977943/NONE," $22,899 ",2016,BMW,X5,xDrive35i,SUV,"90,888",1,AWD,Gas,300,3,I6,21,TX,No,No,2,No,No
10/20/2021,https://www.cargurus.com/Cars/inventorylisting/viewDetailsFilterViewInventoryListing.action?zip=77433&inventorySearchWidgetType=PRICE&maxPrice=30000&sortDir=ASC&sourceContext=carGurusHomePagePrice&bodyTypeGroupIds=7&distance=50&minPrice=20000&sortType=DEAL_SCORE#listing=312796147/NONE," $23,000 ",2012,Jeep,Wrangler,Unlimited Sahara,SUV,"85,450",1,4WD,Gas,285,3.6,V6,18,TX,Yes,Yes,2,No,No
